message;severity;node;stamp;location
"Oh no! I hit the wall! (Clamping from [x=11.107617, y=11.114837])";"30";"turtlesim3.sim";"1757522677.018380363";"./src/turtle.cpp:update:288"
"Oh no! I hit the wall! (Clamping from [x=11.107617, y=11.114837])";"30";"turtlesim3.sim";"1757522677.003078628";"./src/turtle.cpp:update:288"
"Oh no! I hit the wall! (Clamping from [x=11.107617, y=11.114837])";"30";"turtlesim2.sim";"1757522676.999659307";"./src/turtle.cpp:update:288"
"Oh no! I hit the wall! (Clamping from [x=11.107617, y=11.114837])";"30";"turtlesim3.sim";"1757522676.986749571";"./src/turtle.cpp:update:288"
"Oh no! I hit the wall! (Clamping from [x=11.107617, y=11.114837])";"30";"turtlesim2.sim";"1757522676.983252877";"./src/turtle.cpp:update:288"
"Oh no! I hit the wall! (Clamping from [x=11.107617, y=11.114837])";"30";"turtlesim3.sim";"1757522676.970466946";"./src/turtle.cpp:update:288"
"Oh no! I hit the wall! (Clamping from [x=11.107617, y=11.114837])";"30";"turtlesim2.sim";"1757522676.967869220";"./src/turtle.cpp:update:288"
"Oh no! I hit the wall! (Clamping from [x=11.107617, y=11.114837])";"30";"turtlesim3.sim";"1757522676.954168791";"./src/turtle.cpp:update:288"
"Oh no! I hit the wall! (Clamping from [x=11.107617, y=11.114837])";"30";"turtlesim2.sim";"1757522676.951522693";"./src/turtle.cpp:update:288"
"Oh no! I hit the wall! (Clamping from [x=11.107617, y=11.114837])";"30";"turtlesim3.sim";"1757522676.938886671";"./src/turtle.cpp:update:288"
"Oh no! I hit the wall! (Clamping from [x=11.107617, y=11.114837])";"30";"turtlesim2.sim";"1757522676.935234826";"./src/turtle.cpp:update:288"
"Oh no! I hit the wall! (Clamping from [x=11.107617, y=11.114837])";"30";"turtlesim3.sim";"1757522676.922587256";"./src/turtle.cpp:update:288"
"Oh no! I hit the wall! (Clamping from [x=11.107617, y=11.114837])";"30";"turtlesim2.sim";"1757522676.919867016";"./src/turtle.cpp:update:288"
"Oh no! I hit the wall! (Clamping from [x=11.107617, y=11.114837])";"30";"turtlesim3.sim";"1757522676.906211539";"./src/turtle.cpp:update:288"
"Oh no! I hit the wall! (Clamping from [x=11.107617, y=11.114837])";"30";"turtlesim1.sim";"1757522676.904626109";"./src/turtle.cpp:update:288"
"Oh no! I hit the wall! (Clamping from [x=11.107617, y=11.114837])";"30";"turtlesim2.sim";"1757522676.903443328";"./src/turtle.cpp:update:288"
"Oh no! I hit the wall! (Clamping from [x=11.107617, y=11.114837])";"30";"turtlesim3.sim";"1757522676.890945560";"./src/turtle.cpp:update:288"
"Oh no! I hit the wall! (Clamping from [x=11.107617, y=11.114837])";"30";"turtlesim1.sim";"1757522676.888416446";"./src/turtle.cpp:update:288"
"Oh no! I hit the wall! (Clamping from [x=11.107617, y=11.114837])";"30";"turtlesim2.sim";"1757522676.887022516";"./src/turtle.cpp:update:288"
"Oh no! I hit the wall! (Clamping from [x=11.107617, y=11.114837])";"30";"turtlesim3.sim";"1757522676.874690483";"./src/turtle.cpp:update:288"
"Oh no! I hit the wall! (Clamping from [x=11.107617, y=11.114837])";"30";"turtlesim1.sim";"1757522676.872110804";"./src/turtle.cpp:update:288"
"Oh no! I hit the wall! (Clamping from [x=11.107617, y=11.114837])";"30";"turtlesim2.sim";"1757522676.871568388";"./src/turtle.cpp:update:288"
"Oh no! I hit the wall! (Clamping from [x=11.107617, y=11.114837])";"30";"turtlesim3.sim";"1757522676.858438668";"./src/turtle.cpp:update:288"
"Oh no! I hit the wall! (Clamping from [x=11.107617, y=11.114837])";"30";"turtlesim1.sim";"1757522676.855746610";"./src/turtle.cpp:update:288"
"Oh no! I hit the wall! (Clamping from [x=11.107617, y=11.114837])";"30";"turtlesim2.sim";"1757522676.855173734";"./src/turtle.cpp:update:288"
"Oh no! I hit the wall! (Clamping from [x=11.107617, y=11.114837])";"30";"turtlesim3.sim";"1757522676.842194771";"./src/turtle.cpp:update:288"
"Oh no! I hit the wall! (Clamping from [x=11.107617, y=11.114837])";"30";"turtlesim1.sim";"1757522676.840369150";"./src/turtle.cpp:update:288"
"Oh no! I hit the wall! (Clamping from [x=11.107617, y=11.114837])";"30";"turtlesim2.sim";"1757522676.839764784";"./src/turtle.cpp:update:288"
"Oh no! I hit the wall! (Clamping from [x=11.107617, y=11.114837])";"30";"turtlesim3.sim";"1757522676.826971939";"./src/turtle.cpp:update:288"
"Oh no! I hit the wall! (Clamping from [x=11.107617, y=11.114837])";"30";"turtlesim1.sim";"1757522676.824079788";"./src/turtle.cpp:update:288"
"Oh no! I hit the wall! (Clamping from [x=11.107617, y=11.114837])";"30";"turtlesim2.sim";"1757522676.823439988";"./src/turtle.cpp:update:288"
"Oh no! I hit the wall! (Clamping from [x=11.107617, y=11.114837])";"30";"turtlesim3.sim";"1757522676.810746037";"./src/turtle.cpp:update:288"
"Oh no! I hit the wall! (Clamping from [x=11.107617, y=11.114837])";"30";"turtlesim1.sim";"1757522676.807759122";"./src/turtle.cpp:update:288"
"Oh no! I hit the wall! (Clamping from [x=11.107617, y=11.114837])";"30";"turtlesim2.sim";"1757522676.807077458";"./src/turtle.cpp:update:288"
"Oh no! I hit the wall! (Clamping from [x=11.107617, y=11.114837])";"30";"turtlesim3.sim";"1757522676.795449185";"./src/turtle.cpp:update:288"
"Oh no! I hit the wall! (Clamping from [x=11.107617, y=11.114837])";"30";"turtlesim1.sim";"1757522676.792420337";"./src/turtle.cpp:update:288"
"Oh no! I hit the wall! (Clamping from [x=11.107617, y=11.114837])";"30";"turtlesim2.sim";"1757522676.791690554";"./src/turtle.cpp:update:288"
"Oh no! I hit the wall! (Clamping from [x=11.107617, y=11.114837])";"30";"turtlesim3.sim";"1757522676.778521666";"./src/turtle.cpp:update:288"
"Oh no! I hit the wall! (Clamping from [x=11.107617, y=11.114837])";"30";"turtlesim1.sim";"1757522676.776121826";"./src/turtle.cpp:update:288"
"Oh no! I hit the wall! (Clamping from [x=11.107617, y=11.114837])";"30";"turtlesim2.sim";"1757522676.775332022";"./src/turtle.cpp:update:288"
"Oh no! I hit the wall! (Clamping from [x=11.107617, y=11.114837])";"30";"turtlesim3.sim";"1757522676.762266133";"./src/turtle.cpp:update:288"
"Oh no! I hit the wall! (Clamping from [x=11.107617, y=11.114837])";"30";"turtlesim1.sim";"1757522676.759725881";"./src/turtle.cpp:update:288"
"Oh no! I hit the wall! (Clamping from [x=11.107617, y=11.114837])";"30";"turtlesim2.sim";"1757522676.758944093";"./src/turtle.cpp:update:288"
"Oh no! I hit the wall! (Clamping from [x=11.107617, y=11.114837])";"30";"turtlesim3.sim";"1757522676.746983232";"./src/turtle.cpp:update:288"
"Oh no! I hit the wall! (Clamping from [x=11.107617, y=11.114837])";"30";"turtlesim1.sim";"1757522676.744335960";"./src/turtle.cpp:update:288"
"Oh no! I hit the wall! (Clamping from [x=11.107617, y=11.114837])";"30";"turtlesim2.sim";"1757522676.743582820";"./src/turtle.cpp:update:288"
"Oh no! I hit the wall! (Clamping from [x=11.107617, y=11.114837])";"30";"turtlesim3.sim";"1757522676.730742424";"./src/turtle.cpp:update:288"
"Oh no! I hit the wall! (Clamping from [x=11.107617, y=11.114837])";"30";"turtlesim1.sim";"1757522676.728006537";"./src/turtle.cpp:update:288"
"Oh no! I hit the wall! (Clamping from [x=11.107617, y=11.114837])";"30";"turtlesim2.sim";"1757522676.727226147";"./src/turtle.cpp:update:288"
"Oh no! I hit the wall! (Clamping from [x=11.107617, y=11.114837])";"30";"turtlesim3.sim";"1757522676.714472187";"./src/turtle.cpp:update:288"
"Oh no! I hit the wall! (Clamping from [x=11.107617, y=11.114837])";"30";"turtlesim1.sim";"1757522676.711701486";"./src/turtle.cpp:update:288"
"Oh no! I hit the wall! (Clamping from [x=11.107617, y=11.114837])";"30";"turtlesim2.sim";"1757522676.710930513";"./src/turtle.cpp:update:288"
"Oh no! I hit the wall! (Clamping from [x=11.107617, y=11.114837])";"30";"turtlesim3.sim";"1757522676.698169316";"./src/turtle.cpp:update:288"
"Oh no! I hit the wall! (Clamping from [x=11.107617, y=11.114837])";"30";"turtlesim1.sim";"1757522676.696409935";"./src/turtle.cpp:update:288"
"Oh no! I hit the wall! (Clamping from [x=11.107617, y=11.114837])";"30";"turtlesim2.sim";"1757522676.695622636";"./src/turtle.cpp:update:288"
"Oh no! I hit the wall! (Clamping from [x=11.107617, y=11.114837])";"30";"turtlesim3.sim";"1757522676.682950913";"./src/turtle.cpp:update:288"
"Oh no! I hit the wall! (Clamping from [x=11.107617, y=11.114837])";"30";"turtlesim2.sim";"1757522676.663020044";"./src/turtle.cpp:update:288"
"Oh no! I hit the wall! (Clamping from [x=11.107617, y=11.114837])";"30";"turtlesim3.sim";"1757522676.650515929";"./src/turtle.cpp:update:288"
"Oh no! I hit the wall! (Clamping from [x=11.107617, y=11.114837])";"30";"turtlesim1.sim";"1757522676.648575282";"./src/turtle.cpp:update:288"
"Oh no! I hit the wall! (Clamping from [x=11.107617, y=11.114837])";"30";"turtlesim2.sim";"1757522676.647731021";"./src/turtle.cpp:update:288"
"Oh no! I hit the wall! (Clamping from [x=11.107617, y=11.114837])";"30";"turtlesim3.sim";"1757522676.634272652";"./src/turtle.cpp:update:288"
"Oh no! I hit the wall! (Clamping from [x=11.107617, y=11.114837])";"30";"turtlesim1.sim";"1757522676.632280813";"./src/turtle.cpp:update:288"
"Oh no! I hit the wall! (Clamping from [x=11.107617, y=11.114837])";"30";"turtlesim2.sim";"1757522676.631426594";"./src/turtle.cpp:update:288"
"Oh no! I hit the wall! (Clamping from [x=11.107617, y=11.114837])";"30";"turtlesim3.sim";"1757522676.618997438";"./src/turtle.cpp:update:288"
"Oh no! I hit the wall! (Clamping from [x=11.107617, y=11.114837])";"30";"turtlesim1.sim";"1757522676.615971133";"./src/turtle.cpp:update:288"
"Oh no! I hit the wall! (Clamping from [x=11.107617, y=11.114837])";"30";"turtlesim2.sim";"1757522676.615098357";"./src/turtle.cpp:update:288"
"Oh no! I hit the wall! (Clamping from [x=11.107617, y=11.114837])";"30";"turtlesim3.sim";"1757522676.602581422";"./src/turtle.cpp:update:288"
"Oh no! I hit the wall! (Clamping from [x=11.107617, y=11.114837])";"30";"turtlesim1.sim";"1757522676.600129455";"./src/turtle.cpp:update:288"
"Oh no! I hit the wall! (Clamping from [x=11.107617, y=11.114837])";"30";"turtlesim2.sim";"1757522676.599171426";"./src/turtle.cpp:update:288"
"Oh no! I hit the wall! (Clamping from [x=11.107617, y=11.114837])";"30";"turtlesim3.sim";"1757522676.586158744";"./src/turtle.cpp:update:288"
"Oh no! I hit the wall! (Clamping from [x=11.107617, y=11.114837])";"30";"turtlesim1.sim";"1757522676.584604056";"./src/turtle.cpp:update:288"
"Oh no! I hit the wall! (Clamping from [x=11.107617, y=11.114837])";"30";"turtlesim2.sim";"1757522676.583803744";"./src/turtle.cpp:update:288"
"Oh no! I hit the wall! (Clamping from [x=11.107617, y=11.114837])";"30";"turtlesim3.sim";"1757522676.570884541";"./src/turtle.cpp:update:288"
"Oh no! I hit the wall! (Clamping from [x=11.107617, y=11.114837])";"30";"turtlesim1.sim";"1757522676.568234341";"./src/turtle.cpp:update:288"
"Oh no! I hit the wall! (Clamping from [x=11.107617, y=11.114837])";"30";"turtlesim2.sim";"1757522676.567506534";"./src/turtle.cpp:update:288"
"Oh no! I hit the wall! (Clamping from [x=11.107617, y=11.114837])";"30";"turtlesim3.sim";"1757522676.554588711";"./src/turtle.cpp:update:288"
"Oh no! I hit the wall! (Clamping from [x=11.107617, y=11.114837])";"30";"turtlesim1.sim";"1757522676.551915629";"./src/turtle.cpp:update:288"
"Oh no! I hit the wall! (Clamping from [x=11.107617, y=11.114837])";"30";"turtlesim2.sim";"1757522676.551213132";"./src/turtle.cpp:update:288"
"Oh no! I hit the wall! (Clamping from [x=11.107617, y=11.114837])";"30";"turtlesim3.sim";"1757522676.538250759";"./src/turtle.cpp:update:288"
"Oh no! I hit the wall! (Clamping from [x=11.107617, y=11.114837])";"30";"turtlesim1.sim";"1757522676.536541439";"./src/turtle.cpp:update:288"
"Oh no! I hit the wall! (Clamping from [x=11.107617, y=11.114837])";"30";"turtlesim2.sim";"1757522676.535767331";"./src/turtle.cpp:update:288"
"Oh no! I hit the wall! (Clamping from [x=11.107617, y=11.114837])";"30";"turtlesim3.sim";"1757522676.522914531";"./src/turtle.cpp:update:288"
"Oh no! I hit the wall! (Clamping from [x=11.107617, y=11.114837])";"30";"turtlesim1.sim";"1757522676.520181148";"./src/turtle.cpp:update:288"
"Oh no! I hit the wall! (Clamping from [x=11.107617, y=11.114837])";"30";"turtlesim2.sim";"1757522676.519432978";"./src/turtle.cpp:update:288"
"Oh no! I hit the wall! (Clamping from [x=11.107617, y=11.114837])";"30";"turtlesim3.sim";"1757522676.506602810";"./src/turtle.cpp:update:288"
"Oh no! I hit the wall! (Clamping from [x=11.107617, y=11.114837])";"30";"turtlesim2.sim";"1757522676.504113290";"./src/turtle.cpp:update:288"
"Oh no! I hit the wall! (Clamping from [x=11.107617, y=11.114837])";"30";"turtlesim1.sim";"1757522676.503706047";"./src/turtle.cpp:update:288"
"Oh no! I hit the wall! (Clamping from [x=11.107617, y=11.114837])";"30";"turtlesim3.sim";"1757522676.490312369";"./src/turtle.cpp:update:288"
"Oh no! I hit the wall! (Clamping from [x=11.107617, y=11.114837])";"30";"turtlesim2.sim";"1757522676.488544808";"./src/turtle.cpp:update:288"
"Oh no! I hit the wall! (Clamping from [x=11.107617, y=11.114837])";"30";"turtlesim1.sim";"1757522676.488245424";"./src/turtle.cpp:update:288"
"Oh no! I hit the wall! (Clamping from [x=11.107617, y=11.114837])";"30";"turtlesim3.sim";"1757522676.474670412";"./src/turtle.cpp:update:288"
"Oh no! I hit the wall! (Clamping from [x=11.107617, y=11.114837])";"30";"turtlesim1.sim";"1757522676.471928382";"./src/turtle.cpp:update:288"
"Oh no! I hit the wall! (Clamping from [x=11.107617, y=11.114837])";"30";"turtlesim2.sim";"1757522676.471365675";"./src/turtle.cpp:update:288"
"Oh no! I hit the wall! (Clamping from [x=11.107617, y=11.114837])";"30";"turtlesim3.sim";"1757522676.458268371";"./src/turtle.cpp:update:288"
"Oh no! I hit the wall! (Clamping from [x=11.107617, y=11.114837])";"30";"turtlesim1.sim";"1757522676.456375233";"./src/turtle.cpp:update:288"
"Oh no! I hit the wall! (Clamping from [x=11.107617, y=11.114837])";"30";"turtlesim2.sim";"1757522676.454991226";"./src/turtle.cpp:update:288"
"Oh no! I hit the wall! (Clamping from [x=11.107617, y=11.114837])";"30";"turtlesim3.sim";"1757522676.442983441";"./src/turtle.cpp:update:288"
"Oh no! I hit the wall! (Clamping from [x=11.107617, y=11.114837])";"30";"turtlesim1.sim";"1757522676.440034766";"./src/turtle.cpp:update:288"
"Oh no! I hit the wall! (Clamping from [x=11.107617, y=11.114837])";"30";"turtlesim2.sim";"1757522676.439679249";"./src/turtle.cpp:update:288"
"Oh no! I hit the wall! (Clamping from [x=11.107617, y=11.114837])";"30";"turtlesim3.sim";"1757522676.426663478";"./src/turtle.cpp:update:288"
"Oh no! I hit the wall! (Clamping from [x=11.107617, y=11.114837])";"30";"turtlesim1.sim";"1757522676.424361474";"./src/turtle.cpp:update:288"
"Oh no! I hit the wall! (Clamping from [x=11.107617, y=11.114837])";"30";"turtlesim2.sim";"1757522676.423283814";"./src/turtle.cpp:update:288"
"Oh no! I hit the wall! (Clamping from [x=11.107617, y=11.114837])";"30";"turtlesim3.sim";"1757522676.410316793";"./src/turtle.cpp:update:288"
"Oh no! I hit the wall! (Clamping from [x=11.107617, y=11.114837])";"30";"turtlesim1.sim";"1757522676.408965255";"./src/turtle.cpp:update:288"
"Oh no! I hit the wall! (Clamping from [x=11.107617, y=11.114837])";"30";"turtlesim2.sim";"1757522676.407880908";"./src/turtle.cpp:update:288"
"Oh no! I hit the wall! (Clamping from [x=11.107617, y=11.114837])";"30";"turtlesim3.sim";"1757522676.394970667";"./src/turtle.cpp:update:288"
"Oh no! I hit the wall! (Clamping from [x=11.107617, y=11.114837])";"30";"turtlesim1.sim";"1757522676.392008908";"./src/turtle.cpp:update:288"
"Oh no! I hit the wall! (Clamping from [x=11.107617, y=11.114837])";"30";"turtlesim2.sim";"1757522676.391420880";"./src/turtle.cpp:update:288"
"Oh no! I hit the wall! (Clamping from [x=11.107617, y=11.114837])";"30";"turtlesim3.sim";"1757522676.378649550";"./src/turtle.cpp:update:288"
"Oh no! I hit the wall! (Clamping from [x=11.107617, y=11.114837])";"30";"turtlesim1.sim";"1757522676.376522566";"./src/turtle.cpp:update:288"
"Oh no! I hit the wall! (Clamping from [x=11.107617, y=11.114837])";"30";"turtlesim2.sim";"1757522676.375001569";"./src/turtle.cpp:update:288"
"Oh no! I hit the wall! (Clamping from [x=11.107617, y=11.114837])";"30";"turtlesim3.sim";"1757522676.362335042";"./src/turtle.cpp:update:288"
"Oh no! I hit the wall! (Clamping from [x=11.107617, y=11.114837])";"30";"turtlesim1.sim";"1757522676.360127602";"./src/turtle.cpp:update:288"
"Oh no! I hit the wall! (Clamping from [x=11.107617, y=11.114837])";"30";"turtlesim2.sim";"1757522676.359642243";"./src/turtle.cpp:update:288"
"Oh no! I hit the wall! (Clamping from [x=11.107617, y=11.114837])";"30";"turtlesim3.sim";"1757522676.346095382";"./src/turtle.cpp:update:288"
"Oh no! I hit the wall! (Clamping from [x=11.107617, y=11.114837])";"30";"turtlesim1.sim";"1757522676.343807282";"./src/turtle.cpp:update:288"
"Oh no! I hit the wall! (Clamping from [x=11.107617, y=11.114837])";"30";"turtlesim2.sim";"1757522676.343335327";"./src/turtle.cpp:update:288"
"Oh no! I hit the wall! (Clamping from [x=11.107617, y=11.114837])";"30";"turtlesim3.sim";"1757522676.330867686";"./src/turtle.cpp:update:288"
"Oh no! I hit the wall! (Clamping from [x=11.107617, y=11.114837])";"30";"turtlesim1.sim";"1757522676.328478904";"./src/turtle.cpp:update:288"
"Oh no! I hit the wall! (Clamping from [x=11.107617, y=11.114837])";"30";"turtlesim2.sim";"1757522676.327020879";"./src/turtle.cpp:update:288"
"Oh no! I hit the wall! (Clamping from [x=11.107617, y=11.114837])";"30";"turtlesim3.sim";"1757522676.314614706";"./src/turtle.cpp:update:288"
"Oh no! I hit the wall! (Clamping from [x=11.107617, y=11.114837])";"30";"turtlesim1.sim";"1757522676.312130570";"./src/turtle.cpp:update:288"
"Oh no! I hit the wall! (Clamping from [x=11.107617, y=11.114837])";"30";"turtlesim2.sim";"1757522676.311694910";"./src/turtle.cpp:update:288"
"Oh no! I hit the wall! (Clamping from [x=11.107617, y=11.114837])";"30";"turtlesim3.sim";"1757522676.298355612";"./src/turtle.cpp:update:288"
"Oh no! I hit the wall! (Clamping from [x=11.107617, y=11.114837])";"30";"turtlesim1.sim";"1757522676.295748532";"./src/turtle.cpp:update:288"
"Oh no! I hit the wall! (Clamping from [x=11.107617, y=11.114837])";"30";"turtlesim2.sim";"1757522676.295360550";"./src/turtle.cpp:update:288"
"Oh no! I hit the wall! (Clamping from [x=11.107617, y=11.114837])";"30";"turtlesim3.sim";"1757522676.282051713";"./src/turtle.cpp:update:288"
"Oh no! I hit the wall! (Clamping from [x=11.107617, y=11.114837])";"30";"turtlesim1.sim";"1757522676.280366910";"./src/turtle.cpp:update:288"
"Oh no! I hit the wall! (Clamping from [x=11.107617, y=11.114837])";"30";"turtlesim2.sim";"1757522676.278995593";"./src/turtle.cpp:update:288"
"Oh no! I hit the wall! (Clamping from [x=11.107617, y=11.114837])";"30";"turtlesim3.sim";"1757522676.266775882";"./src/turtle.cpp:update:288"
"Oh no! I hit the wall! (Clamping from [x=11.107617, y=11.114837])";"30";"turtlesim1.sim";"1757522676.264048275";"./src/turtle.cpp:update:288"
"Oh no! I hit the wall! (Clamping from [x=11.107617, y=11.114837])";"30";"turtlesim2.sim";"1757522676.263618472";"./src/turtle.cpp:update:288"
"Oh no! I hit the wall! (Clamping from [x=11.107617, y=11.114837])";"30";"turtlesim3.sim";"1757522676.250536525";"./src/turtle.cpp:update:288"
"Oh no! I hit the wall! (Clamping from [x=11.107617, y=11.114837])";"30";"turtlesim1.sim";"1757522676.247704024";"./src/turtle.cpp:update:288"
"Oh no! I hit the wall! (Clamping from [x=11.107617, y=11.114837])";"30";"turtlesim2.sim";"1757522676.247320932";"./src/turtle.cpp:update:288"
"Oh no! I hit the wall! (Clamping from [x=11.107617, y=11.114837])";"30";"turtlesim3.sim";"1757522676.234265803";"./src/turtle.cpp:update:288"
"Oh no! I hit the wall! (Clamping from [x=11.107617, y=11.114837])";"30";"turtlesim1.sim";"1757522676.232235852";"./src/turtle.cpp:update:288"
"Oh no! I hit the wall! (Clamping from [x=11.107617, y=11.114837])";"30";"turtlesim2.sim";"1757522676.230982889";"./src/turtle.cpp:update:288"
"Oh no! I hit the wall! (Clamping from [x=11.107617, y=11.114837])";"30";"turtlesim3.sim";"1757522676.218892943";"./src/turtle.cpp:update:288"
"Oh no! I hit the wall! (Clamping from [x=11.107617, y=11.114837])";"30";"turtlesim1.sim";"1757522676.215865598";"./src/turtle.cpp:update:288"
"Oh no! I hit the wall! (Clamping from [x=11.107617, y=11.114837])";"30";"turtlesim2.sim";"1757522676.215616601";"./src/turtle.cpp:update:288"
"Oh no! I hit the wall! (Clamping from [x=11.107617, y=11.114837])";"30";"turtlesim3.sim";"1757522676.202536185";"./src/turtle.cpp:update:288"
"Oh no! I hit the wall! (Clamping from [x=11.107617, y=11.114837])";"30";"turtlesim1.sim";"1757522676.200296154";"./src/turtle.cpp:update:288"
"Oh no! I hit the wall! (Clamping from [x=11.107617, y=11.114837])";"30";"turtlesim2.sim";"1757522676.199248889";"./src/turtle.cpp:update:288"
"Oh no! I hit the wall! (Clamping from [x=11.107617, y=11.114837])";"30";"turtlesim3.sim";"1757522676.186185346";"./src/turtle.cpp:update:288"
"Oh no! I hit the wall! (Clamping from [x=11.107617, y=11.114837])";"30";"turtlesim1.sim";"1757522676.183940661";"./src/turtle.cpp:update:288"
"Oh no! I hit the wall! (Clamping from [x=11.107617, y=11.114837])";"30";"turtlesim2.sim";"1757522676.182884984";"./src/turtle.cpp:update:288"
"Oh no! I hit the wall! (Clamping from [x=11.107617, y=11.114837])";"30";"turtlesim3.sim";"1757522676.170862720";"./src/turtle.cpp:update:288"
"Oh no! I hit the wall! (Clamping from [x=11.107617, y=11.114837])";"30";"turtlesim1.sim";"1757522676.168512235";"./src/turtle.cpp:update:288"
"Oh no! I hit the wall! (Clamping from [x=11.107617, y=11.114837])";"30";"turtlesim2.sim";"1757522676.167543563";"./src/turtle.cpp:update:288"
"Oh no! I hit the wall! (Clamping from [x=11.107617, y=11.114837])";"30";"turtlesim3.sim";"1757522676.154585072";"./src/turtle.cpp:update:288"
"Oh no! I hit the wall! (Clamping from [x=11.107617, y=11.114837])";"30";"turtlesim1.sim";"1757522676.152972845";"./src/turtle.cpp:update:288"
"Oh no! I hit the wall! (Clamping from [x=11.107617, y=11.114837])";"30";"turtlesim2.sim";"1757522676.152151038";"./src/turtle.cpp:update:288"
"Oh no! I hit the wall! (Clamping from [x=11.107617, y=11.114837])";"30";"turtlesim3.sim";"1757522676.138273724";"./src/turtle.cpp:update:288"
"Oh no! I hit the wall! (Clamping from [x=11.107617, y=11.114837])";"30";"turtlesim1.sim";"1757522676.136270758";"./src/turtle.cpp:update:288"
"Oh no! I hit the wall! (Clamping from [x=11.107617, y=11.114837])";"30";"turtlesim2.sim";"1757522676.135393378";"./src/turtle.cpp:update:288"
"Oh no! I hit the wall! (Clamping from [x=11.107617, y=11.114837])";"30";"turtlesim3.sim";"1757522676.122036845";"./src/turtle.cpp:update:288"
"Oh no! I hit the wall! (Clamping from [x=11.107617, y=11.114837])";"30";"turtlesim1.sim";"1757522676.119848144";"./src/turtle.cpp:update:288"
"Oh no! I hit the wall! (Clamping from [x=11.107617, y=11.114837])";"30";"turtlesim2.sim";"1757522676.119041412";"./src/turtle.cpp:update:288"
"Oh no! I hit the wall! (Clamping from [x=11.107617, y=11.114837])";"30";"turtlesim3.sim";"1757522676.106801117";"./src/turtle.cpp:update:288"
"Oh no! I hit the wall! (Clamping from [x=11.107617, y=11.114837])";"30";"turtlesim1.sim";"1757522676.104564276";"./src/turtle.cpp:update:288"
"Oh no! I hit the wall! (Clamping from [x=11.107617, y=11.114837])";"30";"turtlesim2.sim";"1757522676.103723993";"./src/turtle.cpp:update:288"
"Oh no! I hit the wall! (Clamping from [x=11.107617, y=11.114837])";"30";"turtlesim3.sim";"1757522676.090465289";"./src/turtle.cpp:update:288"
"Oh no! I hit the wall! (Clamping from [x=11.107617, y=11.114837])";"30";"turtlesim3.sim";"1757522676.059612867";"./src/turtle.cpp:update:288"
"Oh no! I hit the wall! (Clamping from [x=11.107617, y=11.114837])";"30";"turtlesim1.sim";"1757522676.056739486";"./src/turtle.cpp:update:288"
"Oh no! I hit the wall! (Clamping from [x=11.107617, y=11.114837])";"30";"turtlesim2.sim";"1757522676.055356532";"./src/turtle.cpp:update:288"
"Oh no! I hit the wall! (Clamping from [x=11.107617, y=11.114837])";"30";"turtlesim3.sim";"1757522676.042612485";"./src/turtle.cpp:update:288"
"Oh no! I hit the wall! (Clamping from [x=11.107617, y=11.114837])";"30";"turtlesim1.sim";"1757522676.040093551";"./src/turtle.cpp:update:288"
"Oh no! I hit the wall! (Clamping from [x=11.107617, y=11.114837])";"30";"turtlesim2.sim";"1757522676.039890067";"./src/turtle.cpp:update:288"
"Oh no! I hit the wall! (Clamping from [x=11.107617, y=11.114837])";"30";"turtlesim3.sim";"1757522676.027012827";"./src/turtle.cpp:update:288"
"Oh no! I hit the wall! (Clamping from [x=11.107617, y=11.114837])";"30";"turtlesim1.sim";"1757522676.024556885";"./src/turtle.cpp:update:288"
"Oh no! I hit the wall! (Clamping from [x=11.107617, y=11.114837])";"30";"turtlesim2.sim";"1757522676.023370575";"./src/turtle.cpp:update:288"
"Oh no! I hit the wall! (Clamping from [x=11.107617, y=11.114837])";"30";"turtlesim3.sim";"1757522676.010644872";"./src/turtle.cpp:update:288"
"Oh no! I hit the wall! (Clamping from [x=11.107617, y=11.114837])";"30";"turtlesim1.sim";"1757522676.008058586";"./src/turtle.cpp:update:288"
"Oh no! I hit the wall! (Clamping from [x=11.107617, y=11.114837])";"30";"turtlesim2.sim";"1757522676.006975112";"./src/turtle.cpp:update:288"
"Oh no! I hit the wall! (Clamping from [x=11.101928, y=11.114837])";"30";"turtlesim3.sim";"1757522675.994936191";"./src/turtle.cpp:update:288"
"Oh no! I hit the wall! (Clamping from [x=11.107617, y=11.114837])";"30";"turtlesim1.sim";"1757522675.992131955";"./src/turtle.cpp:update:288"
"Oh no! I hit the wall! (Clamping from [x=11.107617, y=11.114837])";"30";"turtlesim2.sim";"1757522675.991511624";"./src/turtle.cpp:update:288"
"Oh no! I hit the wall! (Clamping from [x=11.083200, y=11.114837])";"30";"turtlesim3.sim";"1757522675.978652461";"./src/turtle.cpp:update:288"
"Oh no! I hit the wall! (Clamping from [x=11.107617, y=11.114837])";"30";"turtlesim1.sim";"1757522675.976439044";"./src/turtle.cpp:update:288"
"Oh no! I hit the wall! (Clamping from [x=11.101928, y=11.114837])";"30";"turtlesim2.sim";"1757522675.975573703";"./src/turtle.cpp:update:288"
"Oh no! I hit the wall! (Clamping from [x=11.064472, y=11.114837])";"30";"turtlesim3.sim";"1757522675.962641773";"./src/turtle.cpp:update:288"
"Oh no! I hit the wall! (Clamping from [x=11.107617, y=11.114837])";"30";"turtlesim1.sim";"1757522675.960971715";"./src/turtle.cpp:update:288"
"Oh no! I hit the wall! (Clamping from [x=11.083200, y=11.114837])";"30";"turtlesim2.sim";"1757522675.959563483";"./src/turtle.cpp:update:288"
"Oh no! I hit the wall! (Clamping from [x=11.045745, y=11.114837])";"30";"turtlesim3.sim";"1757522675.946537155";"./src/turtle.cpp:update:288"
"Oh no! I hit the wall! (Clamping from [x=11.107617, y=11.114837])";"30";"turtlesim1.sim";"1757522675.944632375";"./src/turtle.cpp:update:288"
"Oh no! I hit the wall! (Clamping from [x=11.064472, y=11.114837])";"30";"turtlesim2.sim";"1757522675.942978708";"./src/turtle.cpp:update:288"
"Oh no! I hit the wall! (Clamping from [x=11.027017, y=11.114837])";"30";"turtlesim3.sim";"1757522675.931207254";"./src/turtle.cpp:update:288"
"Oh no! I hit the wall! (Clamping from [x=11.107617, y=11.114837])";"30";"turtlesim1.sim";"1757522675.928218284";"./src/turtle.cpp:update:288"
"Oh no! I hit the wall! (Clamping from [x=11.045745, y=11.114837])";"30";"turtlesim2.sim";"1757522675.926992515";"./src/turtle.cpp:update:288"
"Oh no! I hit the wall! (Clamping from [x=11.008289, y=11.114837])";"30";"turtlesim3.sim";"1757522675.914721961";"./src/turtle.cpp:update:288"
"Oh no! I hit the wall! (Clamping from [x=11.107617, y=11.114837])";"30";"turtlesim1.sim";"1757522675.912490501";"./src/turtle.cpp:update:288"
"Oh no! I hit the wall! (Clamping from [x=11.027017, y=11.114837])";"30";"turtlesim2.sim";"1757522675.911229886";"./src/turtle.cpp:update:288"
"Oh no! I hit the wall! (Clamping from [x=10.989561, y=11.114837])";"30";"turtlesim3.sim";"1757522675.898756519";"./src/turtle.cpp:update:288"
"Oh no! I hit the wall! (Clamping from [x=11.107617, y=11.114837])";"30";"turtlesim1.sim";"1757522675.895833930";"./src/turtle.cpp:update:288"
"Oh no! I hit the wall! (Clamping from [x=11.008289, y=11.114837])";"30";"turtlesim2.sim";"1757522675.895288543";"./src/turtle.cpp:update:288"
"Oh no! I hit the wall! (Clamping from [x=10.970833, y=11.114837])";"30";"turtlesim3.sim";"1757522675.882620184";"./src/turtle.cpp:update:288"
"Oh no! I hit the wall! (Clamping from [x=11.101927, y=11.114837])";"30";"turtlesim1.sim";"1757522675.880015630";"./src/turtle.cpp:update:288"
"Oh no! I hit the wall! (Clamping from [x=10.989561, y=11.114837])";"30";"turtlesim2.sim";"1757522675.879229586";"./src/turtle.cpp:update:288"
"Oh no! I hit the wall! (Clamping from [x=10.952105, y=11.114837])";"30";"turtlesim3.sim";"1757522675.866709459";"./src/turtle.cpp:update:288"
"Oh no! I hit the wall! (Clamping from [x=11.083199, y=11.114837])";"30";"turtlesim1.sim";"1757522675.864423036";"./src/turtle.cpp:update:288"
"Oh no! I hit the wall! (Clamping from [x=10.970833, y=11.114837])";"30";"turtlesim2.sim";"1757522675.863199797";"./src/turtle.cpp:update:288"
"Oh no! I hit the wall! (Clamping from [x=10.933378, y=11.114837])";"30";"turtlesim3.sim";"1757522675.850353729";"./src/turtle.cpp:update:288"
"Oh no! I hit the wall! (Clamping from [x=11.064471, y=11.114837])";"30";"turtlesim1.sim";"1757522675.849121899";"./src/turtle.cpp:update:288"
"Oh no! I hit the wall! (Clamping from [x=10.952105, y=11.114837])";"30";"turtlesim2.sim";"1757522675.847060069";"./src/turtle.cpp:update:288"
"Oh no! I hit the wall! (Clamping from [x=10.914650, y=11.114837])";"30";"turtlesim3.sim";"1757522675.834433598";"./src/turtle.cpp:update:288"
"Oh no! I hit the wall! (Clamping from [x=11.045743, y=11.114837])";"30";"turtlesim1.sim";"1757522675.832065082";"./src/turtle.cpp:update:288"
"Oh no! I hit the wall! (Clamping from [x=10.933378, y=11.114837])";"30";"turtlesim2.sim";"1757522675.830948360";"./src/turtle.cpp:update:288"
"Oh no! I hit the wall! (Clamping from [x=10.895922, y=11.114837])";"30";"turtlesim3.sim";"1757522675.818729086";"./src/turtle.cpp:update:288"
"Oh no! I hit the wall! (Clamping from [x=10.914650, y=11.114837])";"30";"turtlesim2.sim";"1757522675.815902815";"./src/turtle.cpp:update:288"
"Oh no! I hit the wall! (Clamping from [x=11.027016, y=11.114837])";"30";"turtlesim1.sim";"1757522675.815805239";"./src/turtle.cpp:update:288"
"Oh no! I hit the wall! (Clamping from [x=10.877194, y=11.114837])";"30";"turtlesim3.sim";"1757522675.803695411";"./src/turtle.cpp:update:288"
"Oh no! I hit the wall! (Clamping from [x=11.008288, y=11.114837])";"30";"turtlesim1.sim";"1757522675.800729473";"./src/turtle.cpp:update:288"
"Oh no! I hit the wall! (Clamping from [x=10.895922, y=11.114837])";"30";"turtlesim2.sim";"1757522675.799180305";"./src/turtle.cpp:update:288"
"Oh no! I hit the wall! (Clamping from [x=10.858466, y=11.114837])";"30";"turtlesim3.sim";"1757522675.787017159";"./src/turtle.cpp:update:288"
"Oh no! I hit the wall! (Clamping from [x=10.989560, y=11.114837])";"30";"turtlesim1.sim";"1757522675.784374775";"./src/turtle.cpp:update:288"
"Oh no! I hit the wall! (Clamping from [x=10.877194, y=11.114837])";"30";"turtlesim2.sim";"1757522675.783254341";"./src/turtle.cpp:update:288"
"Oh no! I hit the wall! (Clamping from [x=10.839738, y=11.114837])";"30";"turtlesim3.sim";"1757522675.770370513";"./src/turtle.cpp:update:288"
"Oh no! I hit the wall! (Clamping from [x=10.970832, y=11.114837])";"30";"turtlesim1.sim";"1757522675.767758124";"./src/turtle.cpp:update:288"
"Oh no! I hit the wall! (Clamping from [x=10.858466, y=11.114837])";"30";"turtlesim2.sim";"1757522675.767624465";"./src/turtle.cpp:update:288"
"Oh no! I hit the wall! (Clamping from [x=10.821011, y=11.114837])";"30";"turtlesim3.sim";"1757522675.754750201";"./src/turtle.cpp:update:288"
"Oh no! I hit the wall! (Clamping from [x=10.952104, y=11.114837])";"30";"turtlesim1.sim";"1757522675.751889508";"./src/turtle.cpp:update:288"
"Oh no! I hit the wall! (Clamping from [x=10.839738, y=11.114837])";"30";"turtlesim2.sim";"1757522675.751603805";"./src/turtle.cpp:update:288"
"Oh no! I hit the wall! (Clamping from [x=10.802283, y=11.114837])";"30";"turtlesim3.sim";"1757522675.738858294";"./src/turtle.cpp:update:288"
"Oh no! I hit the wall! (Clamping from [x=10.933376, y=11.114837])";"30";"turtlesim1.sim";"1757522675.736300430";"./src/turtle.cpp:update:288"
"Oh no! I hit the wall! (Clamping from [x=10.821011, y=11.114837])";"30";"turtlesim2.sim";"1757522675.735614270";"./src/turtle.cpp:update:288"
"Oh no! I hit the wall! (Clamping from [x=10.783555, y=11.114837])";"30";"turtlesim3.sim";"1757522675.722443583";"./src/turtle.cpp:update:288"
"Oh no! I hit the wall! (Clamping from [x=10.914649, y=11.114837])";"30";"turtlesim1.sim";"1757522675.720650158";"./src/turtle.cpp:update:288"
"Oh no! I hit the wall! (Clamping from [x=10.802283, y=11.114837])";"30";"turtlesim2.sim";"1757522675.719496997";"./src/turtle.cpp:update:288"
"Oh no! I hit the wall! (Clamping from [x=10.764827, y=11.114837])";"30";"turtlesim3.sim";"1757522675.706172167";"./src/turtle.cpp:update:288"
"Oh no! I hit the wall! (Clamping from [x=10.895921, y=11.114837])";"30";"turtlesim1.sim";"1757522675.704540259";"./src/turtle.cpp:update:288"
"Oh no! I hit the wall! (Clamping from [x=10.783555, y=11.114837])";"30";"turtlesim2.sim";"1757522675.703396633";"./src/turtle.cpp:update:288"
"Oh no! I hit the wall! (Clamping from [x=10.746099, y=11.114837])";"30";"turtlesim3.sim";"1757522675.690311650";"./src/turtle.cpp:update:288"
"Oh no! I hit the wall! (Clamping from [x=10.764827, y=11.114837])";"30";"turtlesim2.sim";"1757522675.688103604";"./src/turtle.cpp:update:288"
"Oh no! I hit the wall! (Clamping from [x=10.877193, y=11.114837])";"30";"turtlesim1.sim";"1757522675.688060850";"./src/turtle.cpp:update:288"
"Oh no! I hit the wall! (Clamping from [x=10.727371, y=11.114837])";"30";"turtlesim3.sim";"1757522675.674512428";"./src/turtle.cpp:update:288"
"Oh no! I hit the wall! (Clamping from [x=10.858465, y=11.114837])";"30";"turtlesim1.sim";"1757522675.672779316";"./src/turtle.cpp:update:288"
"Oh no! I hit the wall! (Clamping from [x=10.746099, y=11.114837])";"30";"turtlesim2.sim";"1757522675.671427949";"./src/turtle.cpp:update:288"
"Oh no! I hit the wall! (Clamping from [x=10.708644, y=11.114837])";"30";"turtlesim3.sim";"1757522675.658532094";"./src/turtle.cpp:update:288"
"Oh no! I hit the wall! (Clamping from [x=10.839737, y=11.114837])";"30";"turtlesim1.sim";"1757522675.656074073";"./src/turtle.cpp:update:288"
"Oh no! I hit the wall! (Clamping from [x=10.727371, y=11.114837])";"30";"turtlesim2.sim";"1757522675.655220260";"./src/turtle.cpp:update:288"
"Oh no! I hit the wall! (Clamping from [x=10.689916, y=11.114837])";"30";"turtlesim3.sim";"1757522675.642837133";"./src/turtle.cpp:update:288"
"Oh no! I hit the wall! (Clamping from [x=10.821009, y=11.114837])";"30";"turtlesim1.sim";"1757522675.641016249";"./src/turtle.cpp:update:288"
"Oh no! I hit the wall! (Clamping from [x=10.708644, y=11.114837])";"30";"turtlesim2.sim";"1757522675.639193984";"./src/turtle.cpp:update:288"
"Oh no! I hit the wall! (Clamping from [x=10.671188, y=11.114837])";"30";"turtlesim3.sim";"1757522675.627122869";"./src/turtle.cpp:update:288"
"Oh no! I hit the wall! (Clamping from [x=10.802282, y=11.114837])";"30";"turtlesim1.sim";"1757522675.624729950";"./src/turtle.cpp:update:288"
"Oh no! I hit the wall! (Clamping from [x=10.689916, y=11.114837])";"30";"turtlesim2.sim";"1757522675.623373946";"./src/turtle.cpp:update:288"
"Oh no! I hit the wall! (Clamping from [x=10.652460, y=11.114837])";"30";"turtlesim3.sim";"1757522675.610875711";"./src/turtle.cpp:update:288"
"Oh no! I hit the wall! (Clamping from [x=10.783554, y=11.114837])";"30";"turtlesim1.sim";"1757522675.608600287";"./src/turtle.cpp:update:288"
"Oh no! I hit the wall! (Clamping from [x=10.671188, y=11.114837])";"30";"turtlesim2.sim";"1757522675.607639414";"./src/turtle.cpp:update:288"
"Oh no! I hit the wall! (Clamping from [x=10.633732, y=11.114837])";"30";"turtlesim3.sim";"1757522675.595022757";"./src/turtle.cpp:update:288"
"Oh no! I hit the wall! (Clamping from [x=10.764826, y=11.114837])";"30";"turtlesim1.sim";"1757522675.592609823";"./src/turtle.cpp:update:288"
"Oh no! I hit the wall! (Clamping from [x=10.652460, y=11.114837])";"30";"turtlesim2.sim";"1757522675.591211043";"./src/turtle.cpp:update:288"
"Oh no! I hit the wall! (Clamping from [x=10.615004, y=11.114837])";"30";"turtlesim3.sim";"1757522675.578759951";"./src/turtle.cpp:update:288"
"Oh no! I hit the wall! (Clamping from [x=10.746098, y=11.114837])";"30";"turtlesim1.sim";"1757522675.576324781";"./src/turtle.cpp:update:288"
"Oh no! I hit the wall! (Clamping from [x=10.633732, y=11.114837])";"30";"turtlesim2.sim";"1757522675.575626383";"./src/turtle.cpp:update:288"
"Oh no! I hit the wall! (Clamping from [x=10.596277, y=11.114837])";"30";"turtlesim3.sim";"1757522675.562149275";"./src/turtle.cpp:update:288"
"Oh no! I hit the wall! (Clamping from [x=10.727370, y=11.114837])";"30";"turtlesim1.sim";"1757522675.560427245";"./src/turtle.cpp:update:288"
"Oh no! I hit the wall! (Clamping from [x=10.615004, y=11.114837])";"30";"turtlesim2.sim";"1757522675.559262247";"./src/turtle.cpp:update:288"
"Oh no! I hit the wall! (Clamping from [x=10.577549, y=11.114837])";"30";"turtlesim3.sim";"1757522675.546904096";"./src/turtle.cpp:update:288"
"Oh no! I hit the wall! (Clamping from [x=10.708643, y=11.114837])";"30";"turtlesim1.sim";"1757522675.544146126";"./src/turtle.cpp:update:288"
"Oh no! I hit the wall! (Clamping from [x=10.596277, y=11.114837])";"30";"turtlesim2.sim";"1757522675.543287602";"./src/turtle.cpp:update:288"
"Oh no! I hit the wall! (Clamping from [x=10.558821, y=11.114837])";"30";"turtlesim3.sim";"1757522675.530236862";"./src/turtle.cpp:update:288"
"Oh no! I hit the wall! (Clamping from [x=10.689915, y=11.114837])";"30";"turtlesim1.sim";"1757522675.529241616";"./src/turtle.cpp:update:288"
"Oh no! I hit the wall! (Clamping from [x=10.577549, y=11.114837])";"30";"turtlesim2.sim";"1757522675.527853457";"./src/turtle.cpp:update:288"
"Oh no! I hit the wall! (Clamping from [x=10.540093, y=11.114837])";"30";"turtlesim3.sim";"1757522675.514516197";"./src/turtle.cpp:update:288"
"Oh no! I hit the wall! (Clamping from [x=10.671187, y=11.114837])";"30";"turtlesim1.sim";"1757522675.512657191";"./src/turtle.cpp:update:288"
"Oh no! I hit the wall! (Clamping from [x=10.558821, y=11.114837])";"30";"turtlesim2.sim";"1757522675.511547680";"./src/turtle.cpp:update:288"
"Oh no! I hit the wall! (Clamping from [x=10.521365, y=11.114837])";"30";"turtlesim3.sim";"1757522675.498482055";"./src/turtle.cpp:update:288"
"Oh no! I hit the wall! (Clamping from [x=10.652459, y=11.114837])";"30";"turtlesim1.sim";"1757522675.496703479";"./src/turtle.cpp:update:288"
"Oh no! I hit the wall! (Clamping from [x=10.540093, y=11.114837])";"30";"turtlesim2.sim";"1757522675.495320004";"./src/turtle.cpp:update:288"
"Oh no! I hit the wall! (Clamping from [x=10.502637, y=11.114837])";"30";"turtlesim3.sim";"1757522675.482567879";"./src/turtle.cpp:update:288"
"Oh no! I hit the wall! (Clamping from [x=10.633731, y=11.114837])";"30";"turtlesim1.sim";"1757522675.480445053";"./src/turtle.cpp:update:288"
"Oh no! I hit the wall! (Clamping from [x=10.521365, y=11.114837])";"30";"turtlesim2.sim";"1757522675.478948786";"./src/turtle.cpp:update:288"
"Oh no! I hit the wall! (Clamping from [x=10.483910, y=11.114837])";"30";"turtlesim3.sim";"1757522675.466720569";"./src/turtle.cpp:update:288"
"Oh no! I hit the wall! (Clamping from [x=10.615003, y=11.114837])";"30";"turtlesim1.sim";"1757522675.464024196";"./src/turtle.cpp:update:288"
"Oh no! I hit the wall! (Clamping from [x=10.502637, y=11.114837])";"30";"turtlesim2.sim";"1757522675.463040408";"./src/turtle.cpp:update:288"
"Oh no! I hit the wall! (Clamping from [x=10.465182, y=11.114837])";"30";"turtlesim3.sim";"1757522675.450318601";"./src/turtle.cpp:update:288"
"Oh no! I hit the wall! (Clamping from [x=10.596276, y=11.114837])";"30";"turtlesim1.sim";"1757522675.448929965";"./src/turtle.cpp:update:288"
"Oh no! I hit the wall! (Clamping from [x=10.483910, y=11.114837])";"30";"turtlesim2.sim";"1757522675.447672419";"./src/turtle.cpp:update:288"
"Oh no! I hit the wall! (Clamping from [x=10.446454, y=11.114837])";"30";"turtlesim3.sim";"1757522675.434710893";"./src/turtle.cpp:update:288"
"Oh no! I hit the wall! (Clamping from [x=10.577548, y=11.114837])";"30";"turtlesim1.sim";"1757522675.432531867";"./src/turtle.cpp:update:288"
"Oh no! I hit the wall! (Clamping from [x=10.465182, y=11.114837])";"30";"turtlesim2.sim";"1757522675.431497429";"./src/turtle.cpp:update:288"
"Oh no! I hit the wall! (Clamping from [x=10.427726, y=11.114837])";"30";"turtlesim3.sim";"1757522675.418930407";"./src/turtle.cpp:update:288"
"Oh no! I hit the wall! (Clamping from [x=10.558820, y=11.114837])";"30";"turtlesim1.sim";"1757522675.416684478";"./src/turtle.cpp:update:288"
"Oh no! I hit the wall! (Clamping from [x=10.446454, y=11.114837])";"30";"turtlesim2.sim";"1757522675.415151381";"./src/turtle.cpp:update:288"
"Oh no! I hit the wall! (Clamping from [x=10.408998, y=11.114837])";"30";"turtlesim3.sim";"1757522675.402693395";"./src/turtle.cpp:update:288"
"Oh no! I hit the wall! (Clamping from [x=10.540092, y=11.114837])";"30";"turtlesim1.sim";"1757522675.400249967";"./src/turtle.cpp:update:288"
"Oh no! I hit the wall! (Clamping from [x=10.427726, y=11.114837])";"30";"turtlesim2.sim";"1757522675.399599999";"./src/turtle.cpp:update:288"
"Oh no! I hit the wall! (Clamping from [x=10.390270, y=11.114837])";"30";"turtlesim3.sim";"1757522675.386525332";"./src/turtle.cpp:update:288"
"Oh no! I hit the wall! (Clamping from [x=10.521364, y=11.114837])";"30";"turtlesim1.sim";"1757522675.383871270";"./src/turtle.cpp:update:288"
"Oh no! I hit the wall! (Clamping from [x=10.408998, y=11.114837])";"30";"turtlesim2.sim";"1757522675.383601813";"./src/turtle.cpp:update:288"
"Oh no! I hit the wall! (Clamping from [x=10.371543, y=11.114837])";"30";"turtlesim3.sim";"1757522675.370822385";"./src/turtle.cpp:update:288"
"Oh no! I hit the wall! (Clamping from [x=10.502636, y=11.114837])";"30";"turtlesim1.sim";"1757522675.368639651";"./src/turtle.cpp:update:288"
"Oh no! I hit the wall! (Clamping from [x=10.390270, y=11.114837])";"30";"turtlesim2.sim";"1757522675.367097071";"./src/turtle.cpp:update:288"
"Oh no! I hit the wall! (Clamping from [x=10.352815, y=11.114837])";"30";"turtlesim3.sim";"1757522675.354557725";"./src/turtle.cpp:update:288"
"Oh no! I hit the wall! (Clamping from [x=10.483909, y=11.114837])";"30";"turtlesim1.sim";"1757522675.352643728";"./src/turtle.cpp:update:288"
"Oh no! I hit the wall! (Clamping from [x=10.371543, y=11.114837])";"30";"turtlesim2.sim";"1757522675.351160262";"./src/turtle.cpp:update:288"
"Oh no! I hit the wall! (Clamping from [x=10.334087, y=11.114837])";"30";"turtlesim3.sim";"1757522675.338697665";"./src/turtle.cpp:update:288"
"Oh no! I hit the wall! (Clamping from [x=10.465181, y=11.114837])";"30";"turtlesim1.sim";"1757522675.336325251";"./src/turtle.cpp:update:288"
"Oh no! I hit the wall! (Clamping from [x=10.352815, y=11.114837])";"30";"turtlesim2.sim";"1757522675.335252764";"./src/turtle.cpp:update:288"
"Oh no! I hit the wall! (Clamping from [x=10.315359, y=11.114837])";"30";"turtlesim3.sim";"1757522675.323450229";"./src/turtle.cpp:update:288"
"Oh no! I hit the wall! (Clamping from [x=10.446453, y=11.114837])";"30";"turtlesim1.sim";"1757522675.320496468";"./src/turtle.cpp:update:288"
"Oh no! I hit the wall! (Clamping from [x=10.334087, y=11.114837])";"30";"turtlesim2.sim";"1757522675.319710198";"./src/turtle.cpp:update:288"
"Oh no! I hit the wall! (Clamping from [x=10.296631, y=11.114837])";"30";"turtlesim3.sim";"1757522675.306477938";"./src/turtle.cpp:update:288"
"Oh no! I hit the wall! (Clamping from [x=10.427725, y=11.114837])";"30";"turtlesim1.sim";"1757522675.304209483";"./src/turtle.cpp:update:288"
"Oh no! I hit the wall! (Clamping from [x=10.315359, y=11.114837])";"30";"turtlesim2.sim";"1757522675.303140659";"./src/turtle.cpp:update:288"
"Oh no! I hit the wall! (Clamping from [x=10.277903, y=11.114837])";"30";"turtlesim3.sim";"1757522675.290997198";"./src/turtle.cpp:update:288"
"Oh no! I hit the wall! (Clamping from [x=10.408997, y=11.114837])";"30";"turtlesim1.sim";"1757522675.290085139";"./src/turtle.cpp:update:288"
"Oh no! I hit the wall! (Clamping from [x=10.296631, y=11.114837])";"30";"turtlesim2.sim";"1757522675.287168071";"./src/turtle.cpp:update:288"
"Oh no! I hit the wall! (Clamping from [x=10.259176, y=11.114837])";"30";"turtlesim3.sim";"1757522675.275003221";"./src/turtle.cpp:update:288"
"Oh no! I hit the wall! (Clamping from [x=10.390269, y=11.114837])";"30";"turtlesim1.sim";"1757522675.272260681";"./src/turtle.cpp:update:288"
"Oh no! I hit the wall! (Clamping from [x=10.277903, y=11.114837])";"30";"turtlesim2.sim";"1757522675.271373884";"./src/turtle.cpp:update:288"
"Oh no! I hit the wall! (Clamping from [x=10.240448, y=11.114837])";"30";"turtlesim3.sim";"1757522675.258428215";"./src/turtle.cpp:update:288"
"Oh no! I hit the wall! (Clamping from [x=10.371542, y=11.114837])";"30";"turtlesim1.sim";"1757522675.256570975";"./src/turtle.cpp:update:288"
"Oh no! I hit the wall! (Clamping from [x=10.259176, y=11.114837])";"30";"turtlesim2.sim";"1757522675.255131856";"./src/turtle.cpp:update:288"
"Oh no! I hit the wall! (Clamping from [x=10.221720, y=11.114837])";"30";"turtlesim3.sim";"1757522675.243434494";"./src/turtle.cpp:update:288"
"Oh no! I hit the wall! (Clamping from [x=10.352814, y=11.114837])";"30";"turtlesim1.sim";"1757522675.240869500";"./src/turtle.cpp:update:288"
"Oh no! I hit the wall! (Clamping from [x=10.240448, y=11.114837])";"30";"turtlesim2.sim";"1757522675.239163618";"./src/turtle.cpp:update:288"
"Oh no! I hit the wall! (Clamping from [x=10.202992, y=11.114837])";"30";"turtlesim3.sim";"1757522675.227066204";"./src/turtle.cpp:update:288"
"Oh no! I hit the wall! (Clamping from [x=10.334086, y=11.114837])";"30";"turtlesim1.sim";"1757522675.224303475";"./src/turtle.cpp:update:288"
"Oh no! I hit the wall! (Clamping from [x=10.221720, y=11.114837])";"30";"turtlesim2.sim";"1757522675.223162709";"./src/turtle.cpp:update:288"
"Oh no! I hit the wall! (Clamping from [x=10.184264, y=11.114837])";"30";"turtlesim3.sim";"1757522675.210571536";"./src/turtle.cpp:update:288"
"Oh no! I hit the wall! (Clamping from [x=10.315358, y=11.114837])";"30";"turtlesim1.sim";"1757522675.208168669";"./src/turtle.cpp:update:288"
"Oh no! I hit the wall! (Clamping from [x=10.202992, y=11.114837])";"30";"turtlesim2.sim";"1757522675.207613591";"./src/turtle.cpp:update:288"
"Oh no! I hit the wall! (Clamping from [x=10.165536, y=11.114837])";"30";"turtlesim3.sim";"1757522675.194404592";"./src/turtle.cpp:update:288"
"Oh no! I hit the wall! (Clamping from [x=10.296630, y=11.114837])";"30";"turtlesim1.sim";"1757522675.192293494";"./src/turtle.cpp:update:288"
"Oh no! I hit the wall! (Clamping from [x=10.184264, y=11.114837])";"30";"turtlesim2.sim";"1757522675.191762841";"./src/turtle.cpp:update:288"
"Oh no! I hit the wall! (Clamping from [x=10.146809, y=11.114837])";"30";"turtlesim3.sim";"1757522675.178209472";"./src/turtle.cpp:update:288"
"Oh no! I hit the wall! (Clamping from [x=10.277903, y=11.114837])";"30";"turtlesim1.sim";"1757522675.176780454";"./src/turtle.cpp:update:288"
"Oh no! I hit the wall! (Clamping from [x=10.165536, y=11.114837])";"30";"turtlesim2.sim";"1757522675.175488440";"./src/turtle.cpp:update:288"
"Oh no! I hit the wall! (Clamping from [x=10.128081, y=11.114837])";"30";"turtlesim3.sim";"1757522675.163618023";"./src/turtle.cpp:update:288"
"Oh no! I hit the wall! (Clamping from [x=10.259175, y=11.114837])";"30";"turtlesim1.sim";"1757522675.160373218";"./src/turtle.cpp:update:288"
"Oh no! I hit the wall! (Clamping from [x=10.146809, y=11.114837])";"30";"turtlesim2.sim";"1757522675.159879242";"./src/turtle.cpp:update:288"
"Oh no! I hit the wall! (Clamping from [x=10.109353, y=11.103919])";"30";"turtlesim3.sim";"1757522675.147125591";"./src/turtle.cpp:update:288"
"Oh no! I hit the wall! (Clamping from [x=10.240447, y=11.114837])";"30";"turtlesim1.sim";"1757522675.144220854";"./src/turtle.cpp:update:288"
"Oh no! I hit the wall! (Clamping from [x=10.128081, y=11.114837])";"30";"turtlesim2.sim";"1757522675.143843256";"./src/turtle.cpp:update:288"
"Oh no! I hit the wall! (Clamping from [x=10.221719, y=11.114837])";"30";"turtlesim1.sim";"1757522675.129285800";"./src/turtle.cpp:update:288"
"Oh no! I hit the wall! (Clamping from [x=10.109353, y=11.103919])";"30";"turtlesim2.sim";"1757522675.127856850";"./src/turtle.cpp:update:288"
"Oh no! I hit the wall! (Clamping from [x=10.202991, y=11.114837])";"30";"turtlesim1.sim";"1757522675.112297566";"./src/turtle.cpp:update:288"
"Oh no! I hit the wall! (Clamping from [x=10.184263, y=11.114837])";"30";"turtlesim1.sim";"1757522675.096187940";"./src/turtle.cpp:update:288"
"Oh no! I hit the wall! (Clamping from [x=10.165536, y=11.114837])";"30";"turtlesim1.sim";"1757522675.080378993";"./src/turtle.cpp:update:288"
"Oh no! I hit the wall! (Clamping from [x=10.146808, y=11.114837])";"30";"turtlesim1.sim";"1757522675.064393352";"./src/turtle.cpp:update:288"
"Oh no! I hit the wall! (Clamping from [x=10.128080, y=11.114837])";"30";"turtlesim1.sim";"1757522675.048561858";"./src/turtle.cpp:update:288"
"Oh no! I hit the wall! (Clamping from [x=10.109352, y=11.103920])";"30";"turtlesim1.sim";"1757522675.031931611";"./src/turtle.cpp:update:288"
